<?xml version="1.0" encoding="UTF-8"?>
<tickets>
<ticket cod="7">
	<fecha>2023-01-01 00:00:00</fecha>
	<articulo id="1">
		<precio>54.99</precio>
		<cantidad>5</cantidad>
	</articulo>
	<total>274.95</total>
</ticket>
<ticket cod="11">
	<fecha>2022-06-16 19:49:12</fecha>
	<articulo id="1">
		<precio>54.99</precio>
		<cantidad>1</cantidad>
	</articulo>
	<articulo id="13">
		<precio>5.0</precio>
		<cantidad>1</cantidad>
	</articulo>
	<total>59.99</total>
</ticket>
<ticket cod="10">
	<fecha>2022-06-16 19:41:23</fecha>
	<articulo id="1">
		<precio>54.99</precio>
		<cantidad>1</cantidad>
	</articulo>
	<total>54.99</total>
</ticket>
<ticket cod="9">
	<fecha>2022-06-16 19:39:14</fecha>
	<articulo id="1">
		<precio>54.99</precio>
		<cantidad>1</cantidad>
	</articulo>
	<total>54.99</total>
</ticket>
<ticket cod="8">
	<fecha>2022-06-16 19:23:30</fecha>
	<articulo id="1">
		<precio>54.99</precio>
		<cantidad>2</cantidad>
	</articulo>
	<total>109.98</total>
</ticket>
<ticket cod="5">
	<fecha>2022-05-26 08:30:00</fecha>
	<articulo id="3">
		<precio>59.99</precio>
		<cantidad>5</cantidad>
	</articulo>
	<articulo id="18">
		<precio>299.0</precio>
		<cantidad>2</cantidad>
	</articulo>
	<total>897.95</total>
</ticket>
<ticket cod="2">
	<fecha>2022-05-21 13:00:00</fecha>
	<articulo id="14">
		<precio>400.0</precio>
		<cantidad>1</cantidad>
	</articulo>
	<articulo id="15">
		<precio>750.0</precio>
		<cantidad>1</cantidad>
	</articulo>
	<total>1150.0</total>
</ticket>
<ticket cod="1">
	<fecha>2022-05-20 12:00:00</fecha>
	<articulo id="14">
		<precio>400.0</precio>
		<cantidad>1</cantidad>
	</articulo>
	<total>400.0</total>
</ticket>
<ticket cod="4">
	<fecha>2022-05-01 19:00:00</fecha>
	<articulo id="13">
		<precio>5.0</precio>
		<cantidad>19</cantidad>
	</articulo>
	<total>95.0</total>
</ticket>
<ticket cod="6">
	<fecha>2022-04-30 09:45:30</fecha>
	<articulo id="10">
		<precio>29.95</precio>
		<cantidad>1</cantidad>
	</articulo>
	<articulo id="14">
		<precio>400.0</precio>
		<cantidad>6</cantidad>
	</articulo>
	<total>2429.95</total>
</ticket>
<ticket cod="3">
	<fecha>2022-04-18 17:30:00</fecha>
	<articulo id="9">
		<precio>29.99</precio>
		<cantidad>2</cantidad>
	</articulo>
	<total>59.98</total>
</ticket>
</tickets>
